{
  "lmp_ratio_target_4h": {
    "n_val": 77760,
    "n_train": 155469,
    "hour_mean": {
      "mae": 0.3682128675751487,
      "rmse": 0.978934501590784,
      "r2": 0.076409408263163
    },
    "predict_zero": {
      "mae": 1.108194836458265,
      "rmse": 1.505221098572856,
      "r2": -1.1835986869382564
    },
    "predict_mean": {
      "mae": 0.41145111698269166,
      "rmse": 1.0206473977780282,
      "r2": -0.003976842129389535,
      "value": 1.043958160369403
    }
  },
  "lmp_target_4h": {
    "n_val": 77760,
    "n_train": 155469,
    "hour_mean": {
      "mae": 17.079246161201468,
      "rmse": 23.863330510679535,
      "r2": -0.0870050974672445
    },
    "predict_zero": {
      "mae": 27.80353612368988,
      "rmse": 34.85152347869386,
      "r2": -1.3185315108999922
    },
    "predict_mean": {
      "mae": 17.198745194565948,
      "rmse": 25.544378862949646,
      "r2": -0.24554711957682973,
      "value": 37.623946154439686
    }
  },
  "ghg_target_4h": {
    "n_val": 77760,
    "n_train": 155469,
    "hour_mean": {
      "mae": 0.0,
      "rmse": 0.0,
      "r2": 0.0
    },
    "predict_zero": {
      "mae": 0.0,
      "rmse": 0.0,
      "r2": 0.0
    },
    "predict_mean": {
      "mae": 0.0,
      "rmse": 0.0,
      "r2": 0.0,
      "value": 0.0
    }
  }
}