{
  "0": 1.0,
  "1": 18.553988771380073,
  "2": 93.53135921754983,
  "3": 93.53135921754983
}