{
  "model": "xgb_regression_lmp_ratio_4h",
  "n_features": 51,
  "best_iteration": 16,
  "val": {
    "mae": 0.35786494612693787,
    "rmse": 0.9251171256994217,
    "r2": 0.17516767978668213
  },
  "test": {
    "mae": 0.7135316729545593,
    "rmse": 1.3867360718410882,
    "r2": 0.029620707035064697
  },
  "baseline_hour_mean": {
    "n_val": 77760,
    "n_train": 155469,
    "hour_mean": {
      "mae": 0.3682128675751487,
      "rmse": 0.978934501590784,
      "r2": 0.076409408263163
    },
    "predict_zero": {
      "mae": 1.108194836458265,
      "rmse": 1.505221098572856,
      "r2": -1.1835986869382564
    },
    "predict_mean": {
      "mae": 0.41145111698269166,
      "rmse": 1.0206473977780282,
      "r2": -0.003976842129389535,
      "value": 1.043958160369403
    }
  }
}