{
  "experiment": "carbon_multi_horizon",
  "horizons_tested": [
    5,
    15,
    30,
    60,
    120,
    240
  ],
  "data_window": "2026-05-01 onwards",
  "best_horizon_min": 5,
  "best_val_r2": 0.8124173283576965,
  "best_test_r2": 0.7649553418159485,
  "all_results": [
    {
      "horizon_min": 5,
      "best_iteration": 144,
      "val_mae": 1.3812241554260254,
      "val_rmse": 2.4307122231505898,
      "val_r2": 0.8124173283576965,
      "val_mae_nz": 2.5603742599487305,
      "val_rmse_nz": 3.3491297431296863,
      "test_mae": 0.8763436079025269,
      "test_rmse": 1.6819827698676684,
      "test_r2": 0.7649553418159485,
      "test_mae_nz": 2.032424211502075,
      "test_rmse_nz": 2.6929693236985357,
      "baseline_mae": 4.355658531188965,
      "baseline_rmse": 7.104163646697998,
      "n_train": 33510,
      "n_val": 11171,
      "n_test": 11167,
      "pct_nonzero_train": 23.94807520143241,
      "pct_nonzero_val": 44.71399158535493
    },
    {
      "horizon_min": 15,
      "best_iteration": 130,
      "val_mae": 1.5524523258209229,
      "val_rmse": 2.6710670543495882,
      "val_r2": 0.7652053833007812,
      "val_mae_nz": 2.8857805728912354,
      "val_rmse_nz": 3.7161189156056182,
      "test_mae": 1.0363296270370483,
      "test_rmse": 1.8455231109511496,
      "test_r2": 0.704768717288971,
      "test_mae_nz": 2.204741954803467,
      "test_rmse_nz": 2.8518392350200776,
      "baseline_mae": 4.353354454040527,
      "baseline_rmse": 7.0241193771362305,
      "n_train": 33504,
      "n_val": 11171,
      "n_test": 11161,
      "pct_nonzero_train": 27.06840974212034,
      "pct_nonzero_val": 47.39951660549637
    },
    {
      "horizon_min": 30,
      "best_iteration": 95,
      "val_mae": 1.6722816228866577,
      "val_rmse": 2.738627065026187,
      "val_r2": 0.742489755153656,
      "val_mae_nz": 3.0122005939483643,
      "val_rmse_nz": 3.781041667653148,
      "test_mae": 1.272839903831482,
      "test_rmse": 2.077493786854181,
      "test_r2": 0.6064364910125732,
      "test_mae_nz": 2.4274559020996094,
      "test_rmse_nz": 2.9792057025904017,
      "baseline_mae": 4.35195779800415,
      "baseline_rmse": 6.932884693145752,
      "n_train": 33495,
      "n_val": 11171,
      "n_test": 11152,
      "pct_nonzero_train": 30.201522615315717,
      "pct_nonzero_val": 49.70906812281801
    },
    {
      "horizon_min": 60,
      "best_iteration": 103,
      "val_mae": 1.7873756885528564,
      "val_rmse": 2.798480036852612,
      "val_r2": 0.7131927013397217,
      "val_mae_nz": 3.1288633346557617,
      "val_rmse_nz": 3.807810666690803,
      "test_mae": 1.3081215620040894,
      "test_rmse": 2.0624704069846675,
      "test_r2": 0.5777031183242798,
      "test_mae_nz": 2.4164021015167236,
      "test_rmse_nz": 2.9620782672708006,
      "baseline_mae": 4.344909191131592,
      "baseline_rmse": 6.795880317687988,
      "n_train": 33477,
      "n_val": 11171,
      "n_test": 11134,
      "pct_nonzero_train": 34.295187740836994,
      "pct_nonzero_val": 52.28717214215379
    },
    {
      "horizon_min": 120,
      "best_iteration": 75,
      "val_mae": 1.908073902130127,
      "val_rmse": 2.9431805167123333,
      "val_r2": 0.6502147912979126,
      "val_mae_nz": 3.1502137184143066,
      "val_rmse_nz": 3.9089101049938892,
      "test_mae": 1.5652132034301758,
      "test_rmse": 2.369683991944852,
      "test_r2": 0.37314802408218384,
      "test_mae_nz": 2.4959468841552734,
      "test_rmse_nz": 3.122859221564815,
      "baseline_mae": 4.327777862548828,
      "baseline_rmse": 6.595022201538086,
      "n_train": 33441,
      "n_val": 11171,
      "n_test": 11098,
      "pct_nonzero_train": 40.513142549564904,
      "pct_nonzero_val": 55.724644167934834
    },
    {
      "horizon_min": 240,
      "best_iteration": 89,
      "val_mae": 1.7495810985565186,
      "val_rmse": 2.709552950003615,
      "val_r2": 0.6519260406494141,
      "val_mae_nz": 2.5659914016723633,
      "val_rmse_nz": 3.392887046510092,
      "test_mae": 1.6510825157165527,
      "test_rmse": 2.420019312537191,
      "test_r2": 0.2383747100830078,
      "test_mae_nz": 2.3162403106689453,
      "test_rmse_nz": 3.015698051556087,
      "baseline_mae": 4.311767101287842,
      "baseline_rmse": 6.299493789672852,
      "n_train": 33369,
      "n_val": 11171,
      "n_test": 11026,
      "pct_nonzero_train": 49.348197428751234,
      "pct_nonzero_val": 62.37579446781846
    }
  ]
}