horizon_min,best_iteration,val_mae,val_rmse,val_r2,test_mae,test_rmse,test_r2,baseline_mae_val,baseline_mae_test,baseline_predict_mean_mae,baseline_predict_mean_r2,n_train,n_val,n_test
5,66,0.2356722205877304,0.6434973081904429,0.705869197845459,0.46231207251548767,0.9337451125786883,0.5897127985954285,1.14314603805542,1.2011555433273315,0.4969874918460846,-0.004997968673706055,155610,77832,63042
15,165,0.24839410185813904,0.6736701448425634,0.6745092868804932,0.494182825088501,0.9765339046106364,0.545689582824707,1.1427150964736938,1.198785424232483,0.4912731647491455,-0.0051261186599731445,155604,77832,63042
30,123,0.2664225399494171,0.7024763506170106,0.6383654475212097,0.5041182637214661,1.0043006448812217,0.5151307582855225,1.1405659914016724,1.1980479955673218,0.4844163656234741,-0.005060553550720215,155595,77832,63036
60,79,0.2820151150226593,0.7576350368079762,0.5570772886276245,0.49889469146728516,1.0769156155091963,0.43514060974121094,1.134616494178772,1.1959704160690308,0.47046151757240295,-0.0048389434814453125,155577,77832,63030
120,53,0.3223692774772644,0.8529270683092871,0.40061020851135254,0.6239103674888611,1.3109129893179177,0.14824992418289185,1.1267220973968506,1.1938223838806152,0.44972845911979675,-0.0044460296630859375,155541,77832,63015
240,19,0.3500208258628845,0.9236122185518004,0.17710036039352417,0.6427323818206787,1.3248878521512275,0.06757116317749023,1.1080807447433472,1.183495283126831,0.4111287593841553,-0.0039664506912231445,155469,77832,62988
